batches,learning rate,batch_size,per_batch,dropout,beta,k_conv,n_conv1,n_conv2,n_layer,n_lstm,n_steps,train step,cost
9,0.005,19,555,1.0,0.0,3,3,5,3,10,106,0,8.81205
9,0.005,19,555,1.0,0.0,3,3,5,3,10,106,1,8.46012
9,0.005,19,555,1.0,0.0,3,3,5,3,10,106,2,8.19469
9,0.005,19,555,1.0,0.0,3,3,5,3,10,106,3,7.99109
9,0.005,19,555,1.0,0.0,3,3,5,3,10,106,4,7.87543
9,0.005,19,555,1.0,0.0,3,3,5,3,10,106,5,7.74583
9,0.005,19,555,1.0,0.0,3,3,5,3,10,106,6,7.65514
9,0.005,19,555,1.0,0.0,3,3,5,3,10,106,7,7.55462
9,0.005,19,555,1.0,0.0,3,3,5,3,10,106,8,7.45639
9,0.005,19,555,1.0,0.0,3,3,5,3,10,106,9,7.36351
9,0.005,19,555,1.0,0.0,3,3,5,3,10,106,10,7.27556
9,0.005,19,555,1.0,0.0,3,3,5,3,10,106,11,7.18679
9,0.005,19,555,1.0,0.0,3,3,5,3,10,106,12,7.09173
9,0.005,19,555,1.0,0.0,3,3,5,3,10,106,13,6.99978
9,0.005,19,555,1.0,0.0,3,3,5,3,10,106,14,6.90433
9,0.005,19,555,1.0,0.0,3,3,5,3,10,106,15,6.81786
9,0.005,19,555,1.0,0.0,3,3,5,3,10,106,16,6.73715
9,0.005,19,555,1.0,0.0,3,3,5,3,10,106,17,6.65101
9,0.005,19,555,1.0,0.0,3,3,5,3,10,106,18,6.54579
9,0.005,19,555,1.0,0.0,3,3,5,3,10,106,19,6.44774
9,0.005,19,555,1.0,0.0,3,3,5,3,10,106,20,6.35156
9,0.005,19,555,1.0,0.0,3,3,5,3,10,106,21,6.2546
9,0.005,19,555,1.0,0.0,3,3,5,3,10,106,22,6.15614
9,0.005,19,555,1.0,0.0,3,3,5,3,10,106,23,6.06005
9,0.005,19,555,1.0,0.0,3,3,5,3,10,106,24,5.95778
9,0.005,19,555,1.0,0.0,3,3,5,3,10,106,25,5.86777
9,0.005,19,555,1.0,0.0,3,3,5,3,10,106,26,5.78415
9,0.005,19,555,1.0,0.0,3,3,5,3,10,106,27,5.66742
9,0.005,19,555,1.0,0.0,3,3,5,3,10,106,28,5.56369
9,0.005,19,555,1.0,0.0,3,3,5,3,10,106,29,5.47465
9,0.005,19,555,1.0,0.0,3,3,5,3,10,106,30,5.36682
9,0.005,19,555,1.0,0.0,3,3,5,3,10,106,31,5.25603
9,0.005,19,555,1.0,0.0,3,3,5,3,10,106,32,5.1612
9,0.005,19,555,1.0,0.0,3,3,5,3,10,106,33,5.05344
9,0.005,19,555,1.0,0.0,3,3,5,3,10,106,34,4.94869
9,0.005,19,555,1.0,0.0,3,3,5,3,10,106,35,4.84391
9,0.005,19,555,1.0,0.0,3,3,5,3,10,106,36,4.74153
9,0.005,19,555,1.0,0.0,3,3,5,3,10,106,37,4.60992
9,0.005,19,555,1.0,0.0,3,3,5,3,10,106,38,4.50254
9,0.005,19,555,1.0,0.0,3,3,5,3,10,106,39,4.38679
9,0.005,19,555,1.0,0.0,3,3,5,3,10,106,40,4.27584
9,0.005,19,555,1.0,0.0,3,3,5,3,10,106,41,4.16286
9,0.005,19,555,1.0,0.0,3,3,5,3,10,106,42,4.0457
9,0.005,19,555,1.0,0.0,3,3,5,3,10,106,43,3.94995
9,0.005,19,555,1.0,0.0,3,3,5,3,10,106,44,3.8905
9,0.005,19,555,1.0,0.0,3,3,5,3,10,106,45,3.9595
9,0.005,19,555,1.0,0.0,3,3,5,3,10,106,46,3.91221
9,0.005,19,555,1.0,0.0,3,3,5,3,10,106,47,4.10272
9,0.005,19,555,1.0,0.0,3,3,5,3,10,106,48,4.43442
9,0.005,19,555,1.0,0.0,3,3,5,3,10,106,49,5.05233
9,0.005,19,555,1.0,0.0,3,3,5,3,10,106,50,5.32722
9,0.005,19,555,1.0,0.0,3,3,5,3,10,106,51,5.06822
9,0.005,19,555,1.0,0.0,3,3,5,3,10,106,52,4.83195
9,0.005,19,555,1.0,0.0,3,3,5,3,10,106,53,4.8925
9,0.005,19,555,1.0,0.0,3,3,5,3,10,106,54,4.63013
9,0.005,19,555,1.0,0.0,3,3,5,3,10,106,55,4.6638
9,0.005,19,555,1.0,0.0,3,3,5,3,10,106,56,4.84751
9,0.005,19,555,1.0,0.0,3,3,5,3,10,106,57,4.85006
9,0.005,19,555,1.0,0.0,3,3,5,3,10,106,58,4.67163
9,0.005,19,555,1.0,0.0,3,3,5,3,10,106,59,4.48676
9,0.005,19,555,1.0,0.0,3,3,5,3,10,106,60,4.13133
9,0.005,19,555,1.0,0.0,3,3,5,3,10,106,61,3.92835
9,0.005,19,555,1.0,0.0,3,3,5,3,10,106,62,3.67457
9,0.005,19,555,1.0,0.0,3,3,5,3,10,106,63,3.74513
9,0.005,19,555,1.0,0.0,3,3,5,3,10,106,64,3.61216
9,0.005,19,555,1.0,0.0,3,3,5,3,10,106,65,3.36086
9,0.005,19,555,1.0,0.0,3,3,5,3,10,106,66,3.24268
9,0.005,19,555,1.0,0.0,3,3,5,3,10,106,67,3.16836
9,0.005,19,555,1.0,0.0,3,3,5,3,10,106,68,2.91918
9,0.005,19,555,1.0,0.0,3,3,5,3,10,106,69,2.88579
9,0.005,19,555,1.0,0.0,3,3,5,3,10,106,70,2.70075
9,0.005,19,555,1.0,0.0,3,3,5,3,10,106,71,2.58462
9,0.005,19,555,1.0,0.0,3,3,5,3,10,106,72,2.49469
9,0.005,19,555,1.0,0.0,3,3,5,3,10,106,73,2.38989
9,0.005,19,555,1.0,0.0,3,3,5,3,10,106,74,2.29744
9,0.005,19,555,1.0,0.0,3,3,5,3,10,106,75,2.21281
9,0.005,19,555,1.0,0.0,3,3,5,3,10,106,76,2.13467
9,0.005,19,555,1.0,0.0,3,3,5,3,10,106,77,2.01095
9,0.005,19,555,1.0,0.0,3,3,5,3,10,106,78,2.01832
9,0.005,19,555,1.0,0.0,3,3,5,3,10,106,79,1.95421
9,0.005,19,555,1.0,0.0,3,3,5,3,10,106,80,1.8722
9,0.005,19,555,1.0,0.0,3,3,5,3,10,106,81,1.81026
9,0.005,19,555,1.0,0.0,3,3,5,3,10,106,82,1.75714
9,0.005,19,555,1.0,0.0,3,3,5,3,10,106,83,1.69951
9,0.005,19,555,1.0,0.0,3,3,5,3,10,106,84,1.64622
9,0.005,19,555,1.0,0.0,3,3,5,3,10,106,85,1.59783
9,0.005,19,555,1.0,0.0,3,3,5,3,10,106,86,1.54795
9,0.005,19,555,1.0,0.0,3,3,5,3,10,106,87,1.49724
9,0.005,19,555,1.0,0.0,3,3,5,3,10,106,88,1.44975
9,0.005,19,555,1.0,0.0,3,3,5,3,10,106,89,1.40331
9,0.005,19,555,1.0,0.0,3,3,5,3,10,106,90,1.35484
9,0.005,19,555,1.0,0.0,3,3,5,3,10,106,91,1.31048
9,0.005,19,555,1.0,0.0,3,3,5,3,10,106,92,1.26584
9,0.005,19,555,1.0,0.0,3,3,5,3,10,106,93,1.22148
9,0.005,19,555,1.0,0.0,3,3,5,3,10,106,94,1.18083
9,0.005,19,555,1.0,0.0,3,3,5,3,10,106,95,1.14624
9,0.005,19,555,1.0,0.0,3,3,5,3,10,106,96,1.1114
9,0.005,19,555,1.0,0.0,3,3,5,3,10,106,97,1.07543
9,0.005,19,555,1.0,0.0,3,3,5,3,10,106,98,1.04187
9,0.005,19,555,1.0,0.0,3,3,5,3,10,106,99,1.00898
9,0.005,19,555,1.0,0.0,3,3,5,3,10,106,100,0.977391
9,0.005,19,555,1.0,0.0,3,3,5,3,10,106,-1,10.1332
9,0.005,19,555,1.0,0.0,3,3,5,3,10,106,101,0.949126
9,0.005,19,555,1.0,0.0,3,3,5,3,10,106,102,0.921718
9,0.005,19,555,1.0,0.0,3,3,5,3,10,106,103,0.894968
9,0.005,19,555,1.0,0.0,3,3,5,3,10,106,104,0.869101
9,0.005,19,555,1.0,0.0,3,3,5,3,10,106,105,0.843454
9,0.005,19,555,1.0,0.0,3,3,5,3,10,106,106,0.819011
9,0.005,19,555,1.0,0.0,3,3,5,3,10,106,107,0.79681
9,0.005,19,555,1.0,0.0,3,3,5,3,10,106,108,0.775871
9,0.005,19,555,1.0,0.0,3,3,5,3,10,106,109,0.754979
9,0.005,19,555,1.0,0.0,3,3,5,3,10,106,110,0.735002
9,0.005,19,555,1.0,0.0,3,3,5,3,10,106,111,0.716036
9,0.005,19,555,1.0,0.0,3,3,5,3,10,106,112,0.698194
9,0.005,19,555,1.0,0.0,3,3,5,3,10,106,113,0.681389
9,0.005,19,555,1.0,0.0,3,3,5,3,10,106,114,0.665367
9,0.005,19,555,1.0,0.0,3,3,5,3,10,106,115,0.649909
9,0.005,19,555,1.0,0.0,3,3,5,3,10,106,116,0.635107
9,0.005,19,555,1.0,0.0,3,3,5,3,10,106,117,0.621114
9,0.005,19,555,1.0,0.0,3,3,5,3,10,106,118,0.607736
9,0.005,19,555,1.0,0.0,3,3,5,3,10,106,119,0.594689
9,0.005,19,555,1.0,0.0,3,3,5,3,10,106,120,0.581882
9,0.005,19,555,1.0,0.0,3,3,5,3,10,106,121,0.569591
9,0.005,19,555,1.0,0.0,3,3,5,3,10,106,122,0.557536
9,0.005,19,555,1.0,0.0,3,3,5,3,10,106,123,0.545715
9,0.005,19,555,1.0,0.0,3,3,5,3,10,106,124,0.534536
9,0.005,19,555,1.0,0.0,3,3,5,3,10,106,125,0.524213
9,0.005,19,555,1.0,0.0,3,3,5,3,10,106,126,0.514621
9,0.005,19,555,1.0,0.0,3,3,5,3,10,106,127,0.505563
9,0.005,19,555,1.0,0.0,3,3,5,3,10,106,128,0.496893
9,0.005,19,555,1.0,0.0,3,3,5,3,10,106,129,0.488511
9,0.005,19,555,1.0,0.0,3,3,5,3,10,106,130,0.480376
9,0.005,19,555,1.0,0.0,3,3,5,3,10,106,131,0.472457
9,0.005,19,555,1.0,0.0,3,3,5,3,10,106,132,0.464683
9,0.005,19,555,1.0,0.0,3,3,5,3,10,106,133,0.457052
9,0.005,19,555,1.0,0.0,3,3,5,3,10,106,134,0.449611
9,0.005,19,555,1.0,0.0,3,3,5,3,10,106,135,0.442311
9,0.005,19,555,1.0,0.0,3,3,5,3,10,106,136,0.435265
9,0.005,19,555,1.0,0.0,3,3,5,3,10,106,137,0.428496
9,0.005,19,555,1.0,0.0,3,3,5,3,10,106,138,0.421946
9,0.005,19,555,1.0,0.0,3,3,5,3,10,106,139,0.415586
9,0.005,19,555,1.0,0.0,3,3,5,3,10,106,140,0.409401
9,0.005,19,555,1.0,0.0,3,3,5,3,10,106,141,0.40339
9,0.005,19,555,1.0,0.0,3,3,5,3,10,106,142,0.397557
9,0.005,19,555,1.0,0.0,3,3,5,3,10,106,143,0.391922
9,0.005,19,555,1.0,0.0,3,3,5,3,10,106,144,0.386497
9,0.005,19,555,1.0,0.0,3,3,5,3,10,106,145,0.381247
9,0.005,19,555,1.0,0.0,3,3,5,3,10,106,146,0.376138
9,0.005,19,555,1.0,0.0,3,3,5,3,10,106,147,0.371172
9,0.005,19,555,1.0,0.0,3,3,5,3,10,106,148,0.366331
9,0.005,19,555,1.0,0.0,3,3,5,3,10,106,149,0.361595
9,0.005,19,555,1.0,0.0,3,3,5,3,10,106,150,0.356959
9,0.005,19,555,1.0,0.0,3,3,5,3,10,106,151,0.352446
9,0.005,19,555,1.0,0.0,3,3,5,3,10,106,152,0.348103
9,0.005,19,555,1.0,0.0,3,3,5,3,10,106,153,0.343944
9,0.005,19,555,1.0,0.0,3,3,5,3,10,106,154,0.339879
9,0.005,19,555,1.0,0.0,3,3,5,3,10,106,155,0.335972
9,0.005,19,555,1.0,0.0,3,3,5,3,10,106,156,0.332239
9,0.005,19,555,1.0,0.0,3,3,5,3,10,106,157,0.328601
9,0.005,19,555,1.0,0.0,3,3,5,3,10,106,158,0.325009
9,0.005,19,555,1.0,0.0,3,3,5,3,10,106,159,0.321429
9,0.005,19,555,1.0,0.0,3,3,5,3,10,106,160,0.31788
9,0.005,19,555,1.0,0.0,3,3,5,3,10,106,161,0.314398
9,0.005,19,555,1.0,0.0,3,3,5,3,10,106,162,0.311009
9,0.005,19,555,1.0,0.0,3,3,5,3,10,106,163,0.307674
9,0.005,19,555,1.0,0.0,3,3,5,3,10,106,164,0.304389
9,0.005,19,555,1.0,0.0,3,3,5,3,10,106,165,0.301155
9,0.005,19,555,1.0,0.0,3,3,5,3,10,106,166,0.297981
9,0.005,19,555,1.0,0.0,3,3,5,3,10,106,167,0.294966
9,0.005,19,555,1.0,0.0,3,3,5,3,10,106,168,0.29206
9,0.005,19,555,1.0,0.0,3,3,5,3,10,106,169,0.289171
9,0.005,19,555,1.0,0.0,3,3,5,3,10,106,170,0.286176
9,0.005,19,555,1.0,0.0,3,3,5,3,10,106,171,0.283097
9,0.005,19,555,1.0,0.0,3,3,5,3,10,106,172,0.28023
9,0.005,19,555,1.0,0.0,3,3,5,3,10,106,173,0.277324
9,0.005,19,555,1.0,0.0,3,3,5,3,10,106,174,0.274188
9,0.005,19,555,1.0,0.0,3,3,5,3,10,106,175,0.271242
9,0.005,19,555,1.0,0.0,3,3,5,3,10,106,176,0.268287
9,0.005,19,555,1.0,0.0,3,3,5,3,10,106,177,0.265264
9,0.005,19,555,1.0,0.0,3,3,5,3,10,106,178,0.262183
9,0.005,19,555,1.0,0.0,3,3,5,3,10,106,179,0.259064
9,0.005,19,555,1.0,0.0,3,3,5,3,10,106,180,0.255906
9,0.005,19,555,1.0,0.0,3,3,5,3,10,106,181,0.252695
9,0.005,19,555,1.0,0.0,3,3,5,3,10,106,182,0.249408
9,0.005,19,555,1.0,0.0,3,3,5,3,10,106,183,0.246031
9,0.005,19,555,1.0,0.0,3,3,5,3,10,106,184,0.242558
9,0.005,19,555,1.0,0.0,3,3,5,3,10,106,185,0.239011
9,0.005,19,555,1.0,0.0,3,3,5,3,10,106,186,0.235483
9,0.005,19,555,1.0,0.0,3,3,5,3,10,106,187,0.232792
9,0.005,19,555,1.0,0.0,3,3,5,3,10,106,188,0.229963
9,0.005,19,555,1.0,0.0,3,3,5,3,10,106,189,0.226401
9,0.005,19,555,1.0,0.0,3,3,5,3,10,106,190,0.22183
9,0.005,19,555,1.0,0.0,3,3,5,3,10,106,191,0.217119
9,0.005,19,555,1.0,0.0,3,3,5,3,10,106,192,0.21482
9,0.005,19,555,1.0,0.0,3,3,5,3,10,106,193,0.210577
9,0.005,19,555,1.0,0.0,3,3,5,3,10,106,194,0.205478
9,0.005,19,555,1.0,0.0,3,3,5,3,10,106,195,0.202001
9,0.005,19,555,1.0,0.0,3,3,5,3,10,106,196,0.198103
9,0.005,19,555,1.0,0.0,3,3,5,3,10,106,197,0.192891
9,0.005,19,555,1.0,0.0,3,3,5,3,10,106,198,0.189655
9,0.005,19,555,1.0,0.0,3,3,5,3,10,106,199,0.187837
9,0.005,19,555,1.0,0.0,3,3,5,3,10,106,200,0.184945
9,0.005,19,555,1.0,0.0,3,3,5,3,10,106,-1,11.7601
9,0.005,19,555,1.0,0.0,3,3,5,3,10,106,201,0.181257
9,0.005,19,555,1.0,0.0,3,3,5,3,10,106,202,0.179656
9,0.005,19,555,1.0,0.0,3,3,5,3,10,106,203,0.177785
9,0.005,19,555,1.0,0.0,3,3,5,3,10,106,204,0.174078
9,0.005,19,555,1.0,0.0,3,3,5,3,10,106,205,0.172825
9,0.005,19,555,1.0,0.0,3,3,5,3,10,106,206,0.170898
9,0.005,19,555,1.0,0.0,3,3,5,3,10,106,207,0.168106
9,0.005,19,555,1.0,0.0,3,3,5,3,10,106,208,0.166676
9,0.005,19,555,1.0,0.0,3,3,5,3,10,106,209,0.165011
9,0.005,19,555,1.0,0.0,3,3,5,3,10,106,210,0.162737
9,0.005,19,555,1.0,0.0,3,3,5,3,10,106,211,0.161011
9,0.005,19,555,1.0,0.0,3,3,5,3,10,106,212,0.159499
9,0.005,19,555,1.0,0.0,3,3,5,3,10,106,213,0.158044
9,0.005,19,555,1.0,0.0,3,3,5,3,10,106,214,0.156218
9,0.005,19,555,1.0,0.0,3,3,5,3,10,106,215,0.155926
9,0.005,19,555,1.0,0.0,3,3,5,3,10,106,216,0.153517
9,0.005,19,555,1.0,0.0,3,3,5,3,10,106,217,0.152439
9,0.005,19,555,1.0,0.0,3,3,5,3,10,106,218,0.150872
9,0.005,19,555,1.0,0.0,3,3,5,3,10,106,219,0.149041
9,0.005,19,555,1.0,0.0,3,3,5,3,10,106,220,0.148041
9,0.005,19,555,1.0,0.0,3,3,5,3,10,106,221,0.146866
9,0.005,19,555,1.0,0.0,3,3,5,3,10,106,222,0.145116
9,0.005,19,555,1.0,0.0,3,3,5,3,10,106,223,0.143892
9,0.005,19,555,1.0,0.0,3,3,5,3,10,106,224,0.142919
9,0.005,19,555,1.0,0.0,3,3,5,3,10,106,225,0.141512
9,0.005,19,555,1.0,0.0,3,3,5,3,10,106,226,0.140142
9,0.005,19,555,1.0,0.0,3,3,5,3,10,106,227,0.139062
9,0.005,19,555,1.0,0.0,3,3,5,3,10,106,228,0.137867
9,0.005,19,555,1.0,0.0,3,3,5,3,10,106,229,0.136643
9,0.005,19,555,1.0,0.0,3,3,5,3,10,106,230,0.135543
9,0.005,19,555,1.0,0.0,3,3,5,3,10,106,231,0.134391
9,0.005,19,555,1.0,0.0,3,3,5,3,10,106,232,0.133328
9,0.005,19,555,1.0,0.0,3,3,5,3,10,106,233,0.13232
9,0.005,19,555,1.0,0.0,3,3,5,3,10,106,234,0.131177
9,0.005,19,555,1.0,0.0,3,3,5,3,10,106,235,0.130139
9,0.005,19,555,1.0,0.0,3,3,5,3,10,106,236,0.12922
9,0.005,19,555,1.0,0.0,3,3,5,3,10,106,237,0.128207
9,0.005,19,555,1.0,0.0,3,3,5,3,10,106,238,0.127162
9,0.005,19,555,1.0,0.0,3,3,5,3,10,106,239,0.126239
9,0.005,19,555,1.0,0.0,3,3,5,3,10,106,240,0.12531
9,0.005,19,555,1.0,0.0,3,3,5,3,10,106,241,0.124319
9,0.005,19,555,1.0,0.0,3,3,5,3,10,106,242,0.123387
9,0.005,19,555,1.0,0.0,3,3,5,3,10,106,243,0.122494
9,0.005,19,555,1.0,0.0,3,3,5,3,10,106,244,0.12159
9,0.005,19,555,1.0,0.0,3,3,5,3,10,106,245,0.120706
9,0.005,19,555,1.0,0.0,3,3,5,3,10,106,246,0.11983
9,0.005,19,555,1.0,0.0,3,3,5,3,10,106,247,0.118963
9,0.005,19,555,1.0,0.0,3,3,5,3,10,106,248,0.118129
9,0.005,19,555,1.0,0.0,3,3,5,3,10,106,249,0.117282
9,0.005,19,555,1.0,0.0,3,3,5,3,10,106,250,0.116442
9,0.005,19,555,1.0,0.0,3,3,5,3,10,106,251,0.115644
9,0.005,19,555,1.0,0.0,3,3,5,3,10,106,252,0.114838
9,0.005,19,555,1.0,0.0,3,3,5,3,10,106,253,0.114039
9,0.005,19,555,1.0,0.0,3,3,5,3,10,106,254,0.113258
9,0.005,19,555,1.0,0.0,3,3,5,3,10,106,255,0.112487
9,0.005,19,555,1.0,0.0,3,3,5,3,10,106,256,0.111724
9,0.005,19,555,1.0,0.0,3,3,5,3,10,106,257,0.110968
9,0.005,19,555,1.0,0.0,3,3,5,3,10,106,258,0.110216
9,0.005,19,555,1.0,0.0,3,3,5,3,10,106,259,0.109488
9,0.005,19,555,1.0,0.0,3,3,5,3,10,106,260,0.108765
9,0.005,19,555,1.0,0.0,3,3,5,3,10,106,261,0.108048
9,0.005,19,555,1.0,0.0,3,3,5,3,10,106,262,0.107342
9,0.005,19,555,1.0,0.0,3,3,5,3,10,106,263,0.106652
9,0.005,19,555,1.0,0.0,3,3,5,3,10,106,264,0.105963
9,0.005,19,555,1.0,0.0,3,3,5,3,10,106,265,0.10529
9,0.005,19,555,1.0,0.0,3,3,5,3,10,106,266,0.104621
9,0.005,19,555,1.0,0.0,3,3,5,3,10,106,267,0.103969
9,0.005,19,555,1.0,0.0,3,3,5,3,10,106,268,0.103317
9,0.005,19,555,1.0,0.0,3,3,5,3,10,106,269,0.102679
9,0.005,19,555,1.0,0.0,3,3,5,3,10,106,270,0.102049
9,0.005,19,555,1.0,0.0,3,3,5,3,10,106,271,0.101422
9,0.005,19,555,1.0,0.0,3,3,5,3,10,106,272,0.100814
9,0.005,19,555,1.0,0.0,3,3,5,3,10,106,273,0.100211
9,0.005,19,555,1.0,0.0,3,3,5,3,10,106,274,0.0996
9,0.005,19,555,1.0,0.0,3,3,5,3,10,106,275,0.0990262
9,0.005,19,555,1.0,0.0,3,3,5,3,10,106,276,0.0984973
9,0.005,19,555,1.0,0.0,3,3,5,3,10,106,277,0.097957
9,0.005,19,555,1.0,0.0,3,3,5,3,10,106,278,0.0972897
9,0.005,19,555,1.0,0.0,3,3,5,3,10,106,279,0.0969718
9,0.005,19,555,1.0,0.0,3,3,5,3,10,106,280,0.0978095
9,0.005,19,555,1.0,0.0,3,3,5,3,10,106,281,0.0991503
9,0.005,19,555,1.0,0.0,3,3,5,3,10,106,282,0.0987539
9,0.005,19,555,1.0,0.0,3,3,5,3,10,106,283,0.0974857
9,0.005,19,555,1.0,0.0,3,3,5,3,10,106,284,0.0963387
9,0.005,19,555,1.0,0.0,3,3,5,3,10,106,285,0.0955171
9,0.005,19,555,1.0,0.0,3,3,5,3,10,106,286,0.0947486
9,0.005,19,555,1.0,0.0,3,3,5,3,10,106,287,0.0939001
9,0.005,19,555,1.0,0.0,3,3,5,3,10,106,288,0.093021
9,0.005,19,555,1.0,0.0,3,3,5,3,10,106,289,0.092234
9,0.005,19,555,1.0,0.0,3,3,5,3,10,106,290,0.0916339
9,0.005,19,555,1.0,0.0,3,3,5,3,10,106,291,0.0914249
9,0.005,19,555,1.0,0.0,3,3,5,3,10,106,292,0.0910506
9,0.005,19,555,1.0,0.0,3,3,5,3,10,106,293,0.0903092
9,0.005,19,555,1.0,0.0,3,3,5,3,10,106,294,0.0898076
9,0.005,19,555,1.0,0.0,3,3,5,3,10,106,295,0.0893154
9,0.005,19,555,1.0,0.0,3,3,5,3,10,106,296,0.088806
9,0.005,19,555,1.0,0.0,3,3,5,3,10,106,297,0.0882999
9,0.005,19,555,1.0,0.0,3,3,5,3,10,106,298,0.0878054
9,0.005,19,555,1.0,0.0,3,3,5,3,10,106,299,0.0873106
9,0.005,19,555,1.0,0.0,3,3,5,3,10,106,300,0.0867988
9,0.005,19,555,1.0,0.0,3,3,5,3,10,106,-1,11.5704
9,0.005,19,555,1.0,0.0,3,3,5,3,10,106,301,0.0862563
9,0.005,19,555,1.0,0.0,3,3,5,3,10,106,302,0.0856891
9,0.005,19,555,1.0,0.0,3,3,5,3,10,106,303,0.0851257
9,0.005,19,555,1.0,0.0,3,3,5,3,10,106,304,0.0846047
9,0.005,19,555,1.0,0.0,3,3,5,3,10,106,305,0.0841469
9,0.005,19,555,1.0,0.0,3,3,5,3,10,106,306,0.0837195
9,0.005,19,555,1.0,0.0,3,3,5,3,10,106,307,0.08325
9,0.005,19,555,1.0,0.0,3,3,5,3,10,106,308,0.0827392
9,0.005,19,555,1.0,0.0,3,3,5,3,10,106,309,0.0822296
9,0.005,19,555,1.0,0.0,3,3,5,3,10,106,310,0.0817396
9,0.005,19,555,1.0,0.0,3,3,5,3,10,106,311,0.0812765
9,0.005,19,555,1.0,0.0,3,3,5,3,10,106,312,0.0808389
9,0.005,19,555,1.0,0.0,3,3,5,3,10,106,313,0.0804135
9,0.005,19,555,1.0,0.0,3,3,5,3,10,106,314,0.0799839
9,0.005,19,555,1.0,0.0,3,3,5,3,10,106,315,0.079541
9,0.005,19,555,1.0,0.0,3,3,5,3,10,106,316,0.0790887
9,0.005,19,555,1.0,0.0,3,3,5,3,10,106,317,0.078641
9,0.005,19,555,1.0,0.0,3,3,5,3,10,106,318,0.0782092
9,0.005,19,555,1.0,0.0,3,3,5,3,10,106,319,0.0777948
9,0.005,19,555,1.0,0.0,3,3,5,3,10,106,320,0.0773918
9,0.005,19,555,1.0,0.0,3,3,5,3,10,106,321,0.0769925
9,0.005,19,555,1.0,0.0,3,3,5,3,10,106,322,0.076596
9,0.005,19,555,1.0,0.0,3,3,5,3,10,106,323,0.076203
9,0.005,19,555,1.0,0.0,3,3,5,3,10,106,324,0.0758086
9,0.005,19,555,1.0,0.0,3,3,5,3,10,106,325,0.0754108
9,0.005,19,555,1.0,0.0,3,3,5,3,10,106,326,0.0750181
9,0.005,19,555,1.0,0.0,3,3,5,3,10,106,327,0.0746372
9,0.005,19,555,1.0,0.0,3,3,5,3,10,106,328,0.0742648
9,0.005,19,555,1.0,0.0,3,3,5,3,10,106,329,0.0738961
9,0.005,19,555,1.0,0.0,3,3,5,3,10,106,330,0.0735276
9,0.005,19,555,1.0,0.0,3,3,5,3,10,106,331,0.0731586
9,0.005,19,555,1.0,0.0,3,3,5,3,10,106,332,0.0727893
9,0.005,19,555,1.0,0.0,3,3,5,3,10,106,333,0.0724223
9,0.005,19,555,1.0,0.0,3,3,5,3,10,106,334,0.0720629
9,0.005,19,555,1.0,0.0,3,3,5,3,10,106,335,0.0717126
9,0.005,19,555,1.0,0.0,3,3,5,3,10,106,336,0.0713647
9,0.005,19,555,1.0,0.0,3,3,5,3,10,106,337,0.071011
9,0.005,19,555,1.0,0.0,3,3,5,3,10,106,338,0.0706584
9,0.005,19,555,1.0,0.0,3,3,5,3,10,106,339,0.0703127
9,0.005,19,555,1.0,0.0,3,3,5,3,10,106,340,0.0699728
9,0.005,19,555,1.0,0.0,3,3,5,3,10,106,341,0.0696353
9,0.005,19,555,1.0,0.0,3,3,5,3,10,106,342,0.0692979
9,0.005,19,555,1.0,0.0,3,3,5,3,10,106,343,0.0689609
9,0.005,19,555,1.0,0.0,3,3,5,3,10,106,344,0.0686253
9,0.005,19,555,1.0,0.0,3,3,5,3,10,106,345,0.0682936
9,0.005,19,555,1.0,0.0,3,3,5,3,10,106,346,0.067966
9,0.005,19,555,1.0,0.0,3,3,5,3,10,106,347,0.0676406
9,0.005,19,555,1.0,0.0,3,3,5,3,10,106,348,0.067316
9,0.005,19,555,1.0,0.0,3,3,5,3,10,106,349,0.0669923
9,0.005,19,555,1.0,0.0,3,3,5,3,10,106,350,0.0666706
9,0.005,19,555,1.0,0.0,3,3,5,3,10,106,351,0.0663519
9,0.005,19,555,1.0,0.0,3,3,5,3,10,106,352,0.0660356
9,0.005,19,555,1.0,0.0,3,3,5,3,10,106,353,0.0657214
9,0.005,19,555,1.0,0.0,3,3,5,3,10,106,354,0.065408
9,0.005,19,555,1.0,0.0,3,3,5,3,10,106,355,0.0650956
9,0.005,19,555,1.0,0.0,3,3,5,3,10,106,356,0.064784
9,0.005,19,555,1.0,0.0,3,3,5,3,10,106,357,0.0644733
9,0.005,19,555,1.0,0.0,3,3,5,3,10,106,358,0.0641629
9,0.005,19,555,1.0,0.0,3,3,5,3,10,106,359,0.0638527
9,0.005,19,555,1.0,0.0,3,3,5,3,10,106,360,0.0635423
9,0.005,19,555,1.0,0.0,3,3,5,3,10,106,361,0.0632339
9,0.005,19,555,1.0,0.0,3,3,5,3,10,106,362,0.062924
9,0.005,19,555,1.0,0.0,3,3,5,3,10,106,363,0.0626049
9,0.005,19,555,1.0,0.0,3,3,5,3,10,106,364,0.0622879
9,0.005,19,555,1.0,0.0,3,3,5,3,10,106,365,0.0619695
9,0.005,19,555,1.0,0.0,3,3,5,3,10,106,366,0.0616401
9,0.005,19,555,1.0,0.0,3,3,5,3,10,106,367,0.061321
9,0.005,19,555,1.0,0.0,3,3,5,3,10,106,368,0.0610041
9,0.005,19,555,1.0,0.0,3,3,5,3,10,106,369,0.0606486
9,0.005,19,555,1.0,0.0,3,3,5,3,10,106,370,0.0605892
9,0.005,19,555,1.0,0.0,3,3,5,3,10,106,371,0.0609186
9,0.005,19,555,1.0,0.0,3,3,5,3,10,106,372,0.0615232
9,0.005,19,555,1.0,0.0,3,3,5,3,10,106,373,0.0618652
9,0.005,19,555,1.0,0.0,3,3,5,3,10,106,374,0.062
9,0.005,19,555,1.0,0.0,3,3,5,3,10,106,375,0.0619275
9,0.005,19,555,1.0,0.0,3,3,5,3,10,106,376,0.0618168
9,0.005,19,555,1.0,0.0,3,3,5,3,10,106,377,0.0615141
9,0.005,19,555,1.0,0.0,3,3,5,3,10,106,378,0.0611545
9,0.005,19,555,1.0,0.0,3,3,5,3,10,106,379,0.0607931
9,0.005,19,555,1.0,0.0,3,3,5,3,10,106,380,0.0604227
9,0.005,19,555,1.0,0.0,3,3,5,3,10,106,381,0.0600688
9,0.005,19,555,1.0,0.0,3,3,5,3,10,106,382,0.0597148
9,0.005,19,555,1.0,0.0,3,3,5,3,10,106,383,0.0593662
9,0.005,19,555,1.0,0.0,3,3,5,3,10,106,384,0.0590349
9,0.005,19,555,1.0,0.0,3,3,5,3,10,106,385,0.0587069
9,0.005,19,555,1.0,0.0,3,3,5,3,10,106,386,0.0583835
9,0.005,19,555,1.0,0.0,3,3,5,3,10,106,387,0.0580567
9,0.005,19,555,1.0,0.0,3,3,5,3,10,106,388,0.05772
9,0.005,19,555,1.0,0.0,3,3,5,3,10,106,389,0.0573853
9,0.005,19,555,1.0,0.0,3,3,5,3,10,106,390,0.0570552
9,0.005,19,555,1.0,0.0,3,3,5,3,10,106,391,0.0567329
9,0.005,19,555,1.0,0.0,3,3,5,3,10,106,392,0.0564198
9,0.005,19,555,1.0,0.0,3,3,5,3,10,106,393,0.0561004
9,0.005,19,555,1.0,0.0,3,3,5,3,10,106,394,0.0557643
9,0.005,19,555,1.0,0.0,3,3,5,3,10,106,395,0.0554052
9,0.005,19,555,1.0,0.0,3,3,5,3,10,106,396,0.05502
9,0.005,19,555,1.0,0.0,3,3,5,3,10,106,397,0.0546232
9,0.005,19,555,1.0,0.0,3,3,5,3,10,106,398,0.0542384
9,0.005,19,555,1.0,0.0,3,3,5,3,10,106,399,0.05389
9,0.005,19,555,1.0,0.0,3,3,5,3,10,106,400,0.0536218
9,0.005,19,555,1.0,0.0,3,3,5,3,10,106,-1,11.5417
9,0.005,19,555,1.0,0.0,3,3,5,3,10,106,401,0.0535565
9,0.005,19,555,1.0,0.0,3,3,5,3,10,106,402,0.0532331
9,0.005,19,555,1.0,0.0,3,3,5,3,10,106,403,0.052858
9,0.005,19,555,1.0,0.0,3,3,5,3,10,106,404,0.0525981
9,0.005,19,555,1.0,0.0,3,3,5,3,10,106,405,0.0523708
9,0.005,19,555,1.0,0.0,3,3,5,3,10,106,406,0.0521447
9,0.005,19,555,1.0,0.0,3,3,5,3,10,106,407,0.0519158
9,0.005,19,555,1.0,0.0,3,3,5,3,10,106,408,0.0516819
9,0.005,19,555,1.0,0.0,3,3,5,3,10,106,409,0.0514401
9,0.005,19,555,1.0,0.0,3,3,5,3,10,106,410,0.0511922
9,0.005,19,555,1.0,0.0,3,3,5,3,10,106,411,0.0509338
9,0.005,19,555,1.0,0.0,3,3,5,3,10,106,412,0.0506619
9,0.005,19,555,1.0,0.0,3,3,5,3,10,106,413,0.0503734
9,0.005,19,555,1.0,0.0,3,3,5,3,10,106,414,0.0500594
9,0.005,19,555,1.0,0.0,3,3,5,3,10,106,415,0.0497129
9,0.005,19,555,1.0,0.0,3,3,5,3,10,106,416,0.0493249
9,0.005,19,555,1.0,0.0,3,3,5,3,10,106,417,0.0489029
9,0.005,19,555,1.0,0.0,3,3,5,3,10,106,418,0.0485809
9,0.005,19,555,1.0,0.0,3,3,5,3,10,106,419,0.0487899
9,0.005,19,555,1.0,0.0,3,3,5,3,10,106,420,0.0480459
9,0.005,19,555,1.0,0.0,3,3,5,3,10,106,421,0.0478884
9,0.005,19,555,1.0,0.0,3,3,5,3,10,106,422,0.0477429
9,0.005,19,555,1.0,0.0,3,3,5,3,10,106,423,0.0475525
9,0.005,19,555,1.0,0.0,3,3,5,3,10,106,424,0.0473157
9,0.005,19,555,1.0,0.0,3,3,5,3,10,106,425,0.0470372
9,0.005,19,555,1.0,0.0,3,3,5,3,10,106,426,0.0467242
9,0.005,19,555,1.0,0.0,3,3,5,3,10,106,427,0.0463915
9,0.005,19,555,1.0,0.0,3,3,5,3,10,106,428,0.0460683
9,0.005,19,555,1.0,0.0,3,3,5,3,10,106,429,0.0458076
9,0.005,19,555,1.0,0.0,3,3,5,3,10,106,430,0.0456463
9,0.005,19,555,1.0,0.0,3,3,5,3,10,106,431,0.0454542
9,0.005,19,555,1.0,0.0,3,3,5,3,10,106,432,0.0451337
9,0.005,19,555,1.0,0.0,3,3,5,3,10,106,433,0.0448422
9,0.005,19,555,1.0,0.0,3,3,5,3,10,106,434,0.0446132
9,0.005,19,555,1.0,0.0,3,3,5,3,10,106,435,0.0444086
9,0.005,19,555,1.0,0.0,3,3,5,3,10,106,436,0.0441991
9,0.005,19,555,1.0,0.0,3,3,5,3,10,106,437,0.0439727
9,0.005,19,555,1.0,0.0,3,3,5,3,10,106,438,0.0437288
9,0.005,19,555,1.0,0.0,3,3,5,3,10,106,439,0.0434767
9,0.005,19,555,1.0,0.0,3,3,5,3,10,106,440,0.0432331
9,0.005,19,555,1.0,0.0,3,3,5,3,10,106,441,0.0430128
9,0.005,19,555,1.0,0.0,3,3,5,3,10,106,442,0.0428138
9,0.005,19,555,1.0,0.0,3,3,5,3,10,106,443,0.0426111
9,0.005,19,555,1.0,0.0,3,3,5,3,10,106,444,0.0423861
9,0.005,19,555,1.0,0.0,3,3,5,3,10,106,445,0.0421551
9,0.005,19,555,1.0,0.0,3,3,5,3,10,106,446,0.0419394
9,0.005,19,555,1.0,0.0,3,3,5,3,10,106,447,0.0417398
9,0.005,19,555,1.0,0.0,3,3,5,3,10,106,448,0.041545
9,0.005,19,555,1.0,0.0,3,3,5,3,10,106,449,0.0413453
9,0.005,19,555,1.0,0.0,3,3,5,3,10,106,450,0.0411389
9,0.005,19,555,1.0,0.0,3,3,5,3,10,106,451,0.0409313
9,0.005,19,555,1.0,0.0,3,3,5,3,10,106,452,0.0407303
9,0.005,19,555,1.0,0.0,3,3,5,3,10,106,453,0.0405392
9,0.005,19,555,1.0,0.0,3,3,5,3,10,106,454,0.0403529
9,0.005,19,555,1.0,0.0,3,3,5,3,10,106,455,0.0401634
9,0.005,19,555,1.0,0.0,3,3,5,3,10,106,456,0.0399687
9,0.005,19,555,1.0,0.0,3,3,5,3,10,106,457,0.0397757
9,0.005,19,555,1.0,0.0,3,3,5,3,10,106,458,0.0395899
9,0.005,19,555,1.0,0.0,3,3,5,3,10,106,459,0.0394091
9,0.005,19,555,1.0,0.0,3,3,5,3,10,106,460,0.0392291
9,0.005,19,555,1.0,0.0,3,3,5,3,10,106,461,0.0390469
9,0.005,19,555,1.0,0.0,3,3,5,3,10,106,462,0.0388646
9,0.005,19,555,1.0,0.0,3,3,5,3,10,106,463,0.0386847
9,0.005,19,555,1.0,0.0,3,3,5,3,10,106,464,0.0385084
9,0.005,19,555,1.0,0.0,3,3,5,3,10,106,465,0.0383352
9,0.005,19,555,1.0,0.0,3,3,5,3,10,106,466,0.0381622
9,0.005,19,555,1.0,0.0,3,3,5,3,10,106,467,0.0379885
9,0.005,19,555,1.0,0.0,3,3,5,3,10,106,468,0.0378157
9,0.005,19,555,1.0,0.0,3,3,5,3,10,106,469,0.0376458
9,0.005,19,555,1.0,0.0,3,3,5,3,10,106,470,0.0374781
9,0.005,19,555,1.0,0.0,3,3,5,3,10,106,471,0.0373118
9,0.005,19,555,1.0,0.0,3,3,5,3,10,106,472,0.0371459
9,0.005,19,555,1.0,0.0,3,3,5,3,10,106,473,0.0369801
9,0.005,19,555,1.0,0.0,3,3,5,3,10,106,474,0.036816
9,0.005,19,555,1.0,0.0,3,3,5,3,10,106,475,0.0366541
9,0.005,19,555,1.0,0.0,3,3,5,3,10,106,476,0.0364938
9,0.005,19,555,1.0,0.0,3,3,5,3,10,106,477,0.0363338
9,0.005,19,555,1.0,0.0,3,3,5,3,10,106,478,0.0361745
9,0.005,19,555,1.0,0.0,3,3,5,3,10,106,479,0.0360159
9,0.005,19,555,1.0,0.0,3,3,5,3,10,106,480,0.0358594
9,0.005,19,555,1.0,0.0,3,3,5,3,10,106,481,0.0357043
9,0.005,19,555,1.0,0.0,3,3,5,3,10,106,482,0.0355499
9,0.005,19,555,1.0,0.0,3,3,5,3,10,106,483,0.0353961
9,0.005,19,555,1.0,0.0,3,3,5,3,10,106,484,0.0352433
9,0.005,19,555,1.0,0.0,3,3,5,3,10,106,485,0.0350919
9,0.005,19,555,1.0,0.0,3,3,5,3,10,106,486,0.0349415
9,0.005,19,555,1.0,0.0,3,3,5,3,10,106,487,0.0347922
9,0.005,19,555,1.0,0.0,3,3,5,3,10,106,488,0.0346436
9,0.005,19,555,1.0,0.0,3,3,5,3,10,106,489,0.0344961
9,0.005,19,555,1.0,0.0,3,3,5,3,10,106,490,0.0343496
9,0.005,19,555,1.0,0.0,3,3,5,3,10,106,491,0.0342039
9,0.005,19,555,1.0,0.0,3,3,5,3,10,106,492,0.0340602
9,0.005,19,555,1.0,0.0,3,3,5,3,10,106,493,0.0339492
9,0.005,19,555,1.0,0.0,3,3,5,3,10,106,494,0.0338069
9,0.005,19,555,1.0,0.0,3,3,5,3,10,106,495,0.0336667
9,0.005,19,555,1.0,0.0,3,3,5,3,10,106,496,0.0335187
9,0.005,19,555,1.0,0.0,3,3,5,3,10,106,497,0.0334199
9,0.005,19,555,1.0,0.0,3,3,5,3,10,106,498,0.0332375
9,0.005,19,555,1.0,0.0,3,3,5,3,10,106,499,0.0331085
9,0.005,19,555,1.0,0.0,3,3,5,3,10,106,500,0.0329808
9,0.005,19,555,1.0,0.0,3,3,5,3,10,106,-1,11.9239
9,0.005,19,555,1.0,0.0,3,3,5,3,10,106,501,0.0328463
9,0.005,19,555,1.0,0.0,3,3,5,3,10,106,502,0.0327075
9,0.005,19,555,1.0,0.0,3,3,5,3,10,106,503,0.0325667
9,0.005,19,555,1.0,0.0,3,3,5,3,10,106,504,0.0324252
9,0.005,19,555,1.0,0.0,3,3,5,3,10,106,505,0.0322887
9,0.005,19,555,1.0,0.0,3,3,5,3,10,106,506,0.0321678
9,0.005,19,555,1.0,0.0,3,3,5,3,10,106,507,0.0320306
9,0.005,19,555,1.0,0.0,3,3,5,3,10,106,508,0.0318981
9,0.005,19,555,1.0,0.0,3,3,5,3,10,106,509,0.0317689
9,0.005,19,555,1.0,0.0,3,3,5,3,10,106,510,0.0316409
9,0.005,19,555,1.0,0.0,3,3,5,3,10,106,511,0.0315143
9,0.005,19,555,1.0,0.0,3,3,5,3,10,106,512,0.0313871
9,0.005,19,555,1.0,0.0,3,3,5,3,10,106,513,0.0312594
9,0.005,19,555,1.0,0.0,3,3,5,3,10,106,514,0.0311322
9,0.005,19,555,1.0,0.0,3,3,5,3,10,106,515,0.0310075
9,0.005,19,555,1.0,0.0,3,3,5,3,10,106,516,0.030884
9,0.005,19,555,1.0,0.0,3,3,5,3,10,106,517,0.0307611
9,0.005,19,555,1.0,0.0,3,3,5,3,10,106,518,0.030638
9,0.005,19,555,1.0,0.0,3,3,5,3,10,106,519,0.0305154
9,0.005,19,555,1.0,0.0,3,3,5,3,10,106,520,0.0303942
9,0.005,19,555,1.0,0.0,3,3,5,3,10,106,521,0.0302746
9,0.005,19,555,1.0,0.0,3,3,5,3,10,106,522,0.0301554
9,0.005,19,555,1.0,0.0,3,3,5,3,10,106,523,0.030036
9,0.005,19,555,1.0,0.0,3,3,5,3,10,106,524,0.0299178
9,0.005,19,555,1.0,0.0,3,3,5,3,10,106,525,0.0298011
9,0.005,19,555,1.0,0.0,3,3,5,3,10,106,526,0.0296849
9,0.005,19,555,1.0,0.0,3,3,5,3,10,106,527,0.0295687
9,0.005,19,555,1.0,0.0,3,3,5,3,10,106,528,0.0294537
9,0.005,19,555,1.0,0.0,3,3,5,3,10,106,529,0.0293395
9,0.005,19,555,1.0,0.0,3,3,5,3,10,106,530,0.029226
9,0.005,19,555,1.0,0.0,3,3,5,3,10,106,531,0.0291131
9,0.005,19,555,1.0,0.0,3,3,5,3,10,106,532,0.0290007
9,0.005,19,555,1.0,0.0,3,3,5,3,10,106,533,0.0288895
9,0.005,19,555,1.0,0.0,3,3,5,3,10,106,534,0.0287789
9,0.005,19,555,1.0,0.0,3,3,5,3,10,106,535,0.0286688
9,0.005,19,555,1.0,0.0,3,3,5,3,10,106,536,0.0285593
9,0.005,19,555,1.0,0.0,3,3,5,3,10,106,537,0.0284506
9,0.005,19,555,1.0,0.0,3,3,5,3,10,106,538,0.0283426
9,0.005,19,555,1.0,0.0,3,3,5,3,10,106,539,0.0282349
9,0.005,19,555,1.0,0.0,3,3,5,3,10,106,540,0.0281282
9,0.005,19,555,1.0,0.0,3,3,5,3,10,106,541,0.0280224
9,0.005,19,555,1.0,0.0,3,3,5,3,10,106,542,0.0279171
9,0.005,19,555,1.0,0.0,3,3,5,3,10,106,543,0.0278124
9,0.005,19,555,1.0,0.0,3,3,5,3,10,106,544,0.0277083
9,0.005,19,555,1.0,0.0,3,3,5,3,10,106,545,0.027605
9,0.005,19,555,1.0,0.0,3,3,5,3,10,106,546,0.0275021
9,0.005,19,555,1.0,0.0,3,3,5,3,10,106,547,0.0273997
9,0.005,19,555,1.0,0.0,3,3,5,3,10,106,548,0.0272985
9,0.005,19,555,1.0,0.0,3,3,5,3,10,106,549,0.0271977
9,0.005,19,555,1.0,0.0,3,3,5,3,10,106,550,0.0270973
9,0.005,19,555,1.0,0.0,3,3,5,3,10,106,551,0.0269973
9,0.005,19,555,1.0,0.0,3,3,5,3,10,106,552,0.0268982
9,0.005,19,555,1.0,0.0,3,3,5,3,10,106,553,0.0267997
9,0.005,19,555,1.0,0.0,3,3,5,3,10,106,554,0.0267019
9,0.005,19,555,1.0,0.0,3,3,5,3,10,106,0,11.4541
9,0.005,19,555,1.0,0.0,3,3,5,3,10,106,1,9.61961
9,0.005,19,555,1.0,0.0,3,3,5,3,10,106,2,9.82834
9,0.005,19,555,1.0,0.0,3,3,5,3,10,106,3,9.73079
9,0.005,19,555,1.0,0.0,3,3,5,3,10,106,4,9.27078
9,0.005,19,555,1.0,0.0,3,3,5,3,10,106,5,8.57318
9,0.005,19,555,1.0,0.0,3,3,5,3,10,106,6,8.08175
9,0.005,19,555,1.0,0.0,3,3,5,3,10,106,7,7.66066
9,0.005,19,555,1.0,0.0,3,3,5,3,10,106,8,7.39878
9,0.005,19,555,1.0,0.0,3,3,5,3,10,106,9,7.21533
9,0.005,19,555,1.0,0.0,3,3,5,3,10,106,10,7.07035
9,0.005,19,555,1.0,0.0,3,3,5,3,10,106,11,6.95197
9,0.005,19,555,1.0,0.0,3,3,5,3,10,106,12,6.85158
9,0.005,19,555,1.0,0.0,3,3,5,3,10,106,13,6.75599
9,0.005,19,555,1.0,0.0,3,3,5,3,10,106,14,6.66058
9,0.005,19,555,1.0,0.0,3,3,5,3,10,106,15,6.56959
9,0.005,19,555,1.0,0.0,3,3,5,3,10,106,16,6.48105
9,0.005,19,555,1.0,0.0,3,3,5,3,10,106,17,6.37636
9,0.005,19,555,1.0,0.0,3,3,5,3,10,106,18,6.26469
9,0.005,19,555,1.0,0.0,3,3,5,3,10,106,19,6.15541
9,0.005,19,555,1.0,0.0,3,3,5,3,10,106,20,6.03794
9,0.005,19,555,1.0,0.0,3,3,5,3,10,106,21,5.92505
9,0.005,19,555,1.0,0.0,3,3,5,3,10,106,22,5.80567
9,0.005,19,555,1.0,0.0,3,3,5,3,10,106,23,5.68556
9,0.005,19,555,1.0,0.0,3,3,5,3,10,106,24,5.55423
9,0.005,19,555,1.0,0.0,3,3,5,3,10,106,25,5.43271
9,0.005,19,555,1.0,0.0,3,3,5,3,10,106,26,5.31165
9,0.005,19,555,1.0,0.0,3,3,5,3,10,106,27,5.19244
9,0.005,19,555,1.0,0.0,3,3,5,3,10,106,28,5.07958
9,0.005,19,555,1.0,0.0,3,3,5,3,10,106,29,4.97513
9,0.005,19,555,1.0,0.0,3,3,5,3,10,106,30,4.87847
9,0.005,19,555,1.0,0.0,3,3,5,3,10,106,31,4.78819
9,0.005,19,555,1.0,0.0,3,3,5,3,10,106,32,4.70245
9,0.005,19,555,1.0,0.0,3,3,5,3,10,106,33,4.61784
9,0.005,19,555,1.0,0.0,3,3,5,3,10,106,34,4.53155
9,0.005,19,555,1.0,0.0,3,3,5,3,10,106,35,4.44177
9,0.005,19,555,1.0,0.0,3,3,5,3,10,106,36,4.34782
9,0.005,19,555,1.0,0.0,3,3,5,3,10,106,37,4.25017
9,0.005,19,555,1.0,0.0,3,3,5,3,10,106,38,4.14919
9,0.005,19,555,1.0,0.0,3,3,5,3,10,106,39,4.04453
9,0.005,19,555,1.0,0.0,3,3,5,3,10,106,40,3.94045
9,0.005,19,555,1.0,0.0,3,3,5,3,10,106,41,3.83844
9,0.005,19,555,1.0,0.0,3,3,5,3,10,106,42,3.73958
9,0.005,19,555,1.0,0.0,3,3,5,3,10,106,43,3.64485
9,0.005,19,555,1.0,0.0,3,3,5,3,10,106,44,3.55294
9,0.005,19,555,1.0,0.0,3,3,5,3,10,106,45,3.46295
9,0.005,19,555,1.0,0.0,3,3,5,3,10,106,46,3.37828
9,0.005,19,555,1.0,0.0,3,3,5,3,10,106,47,3.29754
9,0.005,19,555,1.0,0.0,3,3,5,3,10,106,48,3.21525
9,0.005,19,555,1.0,0.0,3,3,5,3,10,106,49,3.13556
9,0.005,19,555,1.0,0.0,3,3,5,3,10,106,50,3.0571
9,0.005,19,555,1.0,0.0,3,3,5,3,10,106,51,2.98278
9,0.005,19,555,1.0,0.0,3,3,5,3,10,106,52,2.91602
9,0.005,19,555,1.0,0.0,3,3,5,3,10,106,53,2.85826
9,0.005,19,555,1.0,0.0,3,3,5,3,10,106,54,2.80347
9,0.005,19,555,1.0,0.0,3,3,5,3,10,106,55,2.74307
9,0.005,19,555,1.0,0.0,3,3,5,3,10,106,56,2.67892
9,0.005,19,555,1.0,0.0,3,3,5,3,10,106,57,2.61716
9,0.005,19,555,1.0,0.0,3,3,5,3,10,106,58,2.60346
9,0.005,19,555,1.0,0.0,3,3,5,3,10,106,59,2.60579
9,0.005,19,555,1.0,0.0,3,3,5,3,10,106,60,2.59132
9,0.005,19,555,1.0,0.0,3,3,5,3,10,106,61,2.53532
9,0.005,19,555,1.0,0.0,3,3,5,3,10,106,62,2.4649
9,0.005,19,555,1.0,0.0,3,3,5,3,10,106,63,2.39562
9,0.005,19,555,1.0,0.0,3,3,5,3,10,106,64,2.38264
9,0.005,19,555,1.0,0.0,3,3,5,3,10,106,65,2.34046
9,0.005,19,555,1.0,0.0,3,3,5,3,10,106,66,2.30708
9,0.005,19,555,1.0,0.0,3,3,5,3,10,106,67,2.25822
9,0.005,19,555,1.0,0.0,3,3,5,3,10,106,68,2.20624
9,0.005,19,555,1.0,0.0,3,3,5,3,10,106,69,2.3273
9,0.005,19,555,1.0,0.0,3,3,5,3,10,106,70,2.48475
9,0.005,19,555,1.0,0.0,3,3,5,3,10,106,71,2.50497
9,0.005,19,555,1.0,0.0,3,3,5,3,10,106,72,2.44824
9,0.005,19,555,1.0,0.0,3,3,5,3,10,106,73,2.46386
9,0.005,19,555,1.0,0.0,3,3,5,3,10,106,74,2.48749
9,0.005,19,555,1.0,0.0,3,3,5,3,10,106,75,2.44389
9,0.005,19,555,1.0,0.0,3,3,5,3,10,106,76,2.39735
9,0.005,19,555,1.0,0.0,3,3,5,3,10,106,77,2.37838
9,0.005,19,555,1.0,0.0,3,3,5,3,10,106,78,2.36909
9,0.005,19,555,1.0,0.0,3,3,5,3,10,106,79,2.34124
9,0.005,19,555,1.0,0.0,3,3,5,3,10,106,80,2.30944
9,0.005,19,555,1.0,0.0,3,3,5,3,10,106,81,2.27749
9,0.005,19,555,1.0,0.0,3,3,5,3,10,106,82,2.24729
9,0.005,19,555,1.0,0.0,3,3,5,3,10,106,83,2.2321
9,0.005,19,555,1.0,0.0,3,3,5,3,10,106,84,2.22491
9,0.005,19,555,1.0,0.0,3,3,5,3,10,106,85,2.21005
9,0.005,19,555,1.0,0.0,3,3,5,3,10,106,86,2.18562
9,0.005,19,555,1.0,0.0,3,3,5,3,10,106,87,2.15923
9,0.005,19,555,1.0,0.0,3,3,5,3,10,106,88,2.13606
9,0.005,19,555,1.0,0.0,3,3,5,3,10,106,89,2.11648
9,0.005,19,555,1.0,0.0,3,3,5,3,10,106,90,2.10655
9,0.005,19,555,1.0,0.0,3,3,5,3,10,106,91,2.07816
9,0.005,19,555,1.0,0.0,3,3,5,3,10,106,92,2.05505
9,0.005,19,555,1.0,0.0,3,3,5,3,10,106,93,2.07827
9,0.005,19,555,1.0,0.0,3,3,5,3,10,106,94,2.04777
9,0.005,19,555,1.0,0.0,3,3,5,3,10,106,95,2.05126
9,0.005,19,555,1.0,0.0,3,3,5,3,10,106,96,2.04892
9,0.005,19,555,1.0,0.0,3,3,5,3,10,106,97,2.03432
9,0.005,19,555,1.0,0.0,3,3,5,3,10,106,98,2.00431
9,0.005,19,555,1.0,0.0,3,3,5,3,10,106,99,1.97366
9,0.005,19,555,1.0,0.0,3,3,5,3,10,106,100,1.9454
9,0.005,19,555,1.0,0.0,3,3,5,3,10,106,-1,7.5042
9,0.005,19,555,1.0,0.0,3,3,5,3,10,106,101,1.92138
9,0.005,19,555,1.0,0.0,3,3,5,3,10,106,102,1.90218
9,0.005,19,555,1.0,0.0,3,3,5,3,10,106,103,1.88683
9,0.005,19,555,1.0,0.0,3,3,5,3,10,106,104,1.87406
9,0.005,19,555,1.0,0.0,3,3,5,3,10,106,105,1.86222
9,0.005,19,555,1.0,0.0,3,3,5,3,10,106,106,1.84708
9,0.005,19,555,1.0,0.0,3,3,5,3,10,106,107,1.82591
9,0.005,19,555,1.0,0.0,3,3,5,3,10,106,108,1.80248
9,0.005,19,555,1.0,0.0,3,3,5,3,10,106,109,1.78758
9,0.005,19,555,1.0,0.0,3,3,5,3,10,106,110,1.7657
9,0.005,19,555,1.0,0.0,3,3,5,3,10,106,111,1.74786
9,0.005,19,555,1.0,0.0,3,3,5,3,10,106,112,1.73001
9,0.005,19,555,1.0,0.0,3,3,5,3,10,106,113,1.71221
9,0.005,19,555,1.0,0.0,3,3,5,3,10,106,114,1.69103
9,0.005,19,555,1.0,0.0,3,3,5,3,10,106,115,1.67134
9,0.005,19,555,1.0,0.0,3,3,5,3,10,106,116,1.65377
9,0.005,19,555,1.0,0.0,3,3,5,3,10,106,117,1.63558
9,0.005,19,555,1.0,0.0,3,3,5,3,10,106,118,1.61697
9,0.005,19,555,1.0,0.0,3,3,5,3,10,106,119,1.59996
9,0.005,19,555,1.0,0.0,3,3,5,3,10,106,120,1.58435
9,0.005,19,555,1.0,0.0,3,3,5,3,10,106,121,1.57078
9,0.005,19,555,1.0,0.0,3,3,5,3,10,106,122,1.55808
9,0.005,19,555,1.0,0.0,3,3,5,3,10,106,123,1.5448
9,0.005,19,555,1.0,0.0,3,3,5,3,10,106,124,1.52966
9,0.005,19,555,1.0,0.0,3,3,5,3,10,106,125,1.51309
9,0.005,19,555,1.0,0.0,3,3,5,3,10,106,126,1.49654
9,0.005,19,555,1.0,0.0,3,3,5,3,10,106,127,1.4817
9,0.005,19,555,1.0,0.0,3,3,5,3,10,106,128,1.46812
9,0.005,19,555,1.0,0.0,3,3,5,3,10,106,129,1.45294
9,0.005,19,555,1.0,0.0,3,3,5,3,10,106,130,1.44
9,0.005,19,555,1.0,0.0,3,3,5,3,10,106,131,1.42761
9,0.005,19,555,1.0,0.0,3,3,5,3,10,106,132,1.48753
9,0.005,19,555,1.0,0.0,3,3,5,3,10,106,133,1.47754
9,0.005,19,555,1.0,0.0,3,3,5,3,10,106,134,1.46402
9,0.005,19,555,1.0,0.0,3,3,5,3,10,106,135,1.55973
9,0.005,19,555,1.0,0.0,3,3,5,3,10,106,136,1.7746
9,0.005,19,555,1.0,0.0,3,3,5,3,10,106,137,1.84903
9,0.005,19,555,1.0,0.0,3,3,5,3,10,106,138,1.97888
9,0.005,19,555,1.0,0.0,3,3,5,3,10,106,139,2.05133
9,0.005,19,555,1.0,0.0,3,3,5,3,10,106,140,1.97321
9,0.005,19,555,1.0,0.0,3,3,5,3,10,106,141,1.67478
9,0.005,19,555,1.0,0.0,3,3,5,3,10,106,142,1.6313
9,0.005,19,555,1.0,0.0,3,3,5,3,10,106,143,1.57867
9,0.005,19,555,1.0,0.0,3,3,5,3,10,106,144,1.51755
9,0.005,19,555,1.0,0.0,3,3,5,3,10,106,145,1.4761
9,0.005,19,555,1.0,0.0,3,3,5,3,10,106,146,1.53015
9,0.005,19,555,1.0,0.0,3,3,5,3,10,106,147,1.49247
9,0.005,19,555,1.0,0.0,3,3,5,3,10,106,148,1.48145
9,0.005,19,555,1.0,0.0,3,3,5,3,10,106,149,1.44747
9,0.005,19,555,1.0,0.0,3,3,5,3,10,106,150,1.41625
9,0.005,19,555,1.0,0.0,3,3,5,3,10,106,151,1.39434
9,0.005,19,555,1.0,0.0,3,3,5,3,10,106,152,1.41485
9,0.005,19,555,1.0,0.0,3,3,5,3,10,106,153,1.40513
9,0.005,19,555,1.0,0.0,3,3,5,3,10,106,154,1.40346
9,0.005,19,555,1.0,0.0,3,3,5,3,10,106,155,1.37065
9,0.005,19,555,1.0,0.0,3,3,5,3,10,106,156,1.35774
9,0.005,19,555,1.0,0.0,3,3,5,3,10,106,157,1.38231
9,0.005,19,555,1.0,0.0,3,3,5,3,10,106,158,1.35425
9,0.005,19,555,1.0,0.0,3,3,5,3,10,106,159,1.3395
9,0.005,19,555,1.0,0.0,3,3,5,3,10,106,160,1.33267
9,0.005,19,555,1.0,0.0,3,3,5,3,10,106,161,1.33263
9,0.005,19,555,1.0,0.0,3,3,5,3,10,106,162,1.32143
9,0.005,19,555,1.0,0.0,3,3,5,3,10,106,163,1.3034
9,0.005,19,555,1.0,0.0,3,3,5,3,10,106,164,1.29611
9,0.005,19,555,1.0,0.0,3,3,5,3,10,106,165,1.289
9,0.005,19,555,1.0,0.0,3,3,5,3,10,106,166,1.2766
9,0.005,19,555,1.0,0.0,3,3,5,3,10,106,167,1.26307
9,0.005,19,555,1.0,0.0,3,3,5,3,10,106,168,1.25561
9,0.005,19,555,1.0,0.0,3,3,5,3,10,106,169,1.24333
9,0.005,19,555,1.0,0.0,3,3,5,3,10,106,170,1.22955
9,0.005,19,555,1.0,0.0,3,3,5,3,10,106,171,1.22387
9,0.005,19,555,1.0,0.0,3,3,5,3,10,106,172,1.21361
9,0.005,19,555,1.0,0.0,3,3,5,3,10,106,173,1.20189
9,0.005,19,555,1.0,0.0,3,3,5,3,10,106,174,1.19341
9,0.005,19,555,1.0,0.0,3,3,5,3,10,106,175,1.17885
9,0.005,19,555,1.0,0.0,3,3,5,3,10,106,176,1.17095
9,0.005,19,555,1.0,0.0,3,3,5,3,10,106,177,1.16239
9,0.005,19,555,1.0,0.0,3,3,5,3,10,106,178,1.15034
9,0.005,19,555,1.0,0.0,3,3,5,3,10,106,179,1.14028
9,0.005,19,555,1.0,0.0,3,3,5,3,10,106,180,1.12732
9,0.005,19,555,1.0,0.0,3,3,5,3,10,106,181,1.11349
9,0.005,19,555,1.0,0.0,3,3,5,3,10,106,182,1.12255
9,0.005,19,555,1.0,0.0,3,3,5,3,10,106,183,1.09964
9,0.005,19,555,1.0,0.0,3,3,5,3,10,106,184,1.11367
9,0.005,19,555,1.0,0.0,3,3,5,3,10,106,185,1.20957
9,0.005,19,555,1.0,0.0,3,3,5,3,10,106,186,1.25889
9,0.005,19,555,1.0,0.0,3,3,5,3,10,106,187,1.30944
9,0.005,19,555,1.0,0.0,3,3,5,3,10,106,188,1.30838
9,0.005,19,555,1.0,0.0,3,3,5,3,10,106,189,1.25127
9,0.005,19,555,1.0,0.0,3,3,5,3,10,106,190,1.14571
9,0.005,19,555,1.0,0.0,3,3,5,3,10,106,191,1.10313
9,0.005,19,555,1.0,0.0,3,3,5,3,10,106,192,1.15535
9,0.005,19,555,1.0,0.0,3,3,5,3,10,106,193,1.12678
9,0.005,19,555,1.0,0.0,3,3,5,3,10,106,194,1.09258
9,0.005,19,555,1.0,0.0,3,3,5,3,10,106,195,1.04779
9,0.005,19,555,1.0,0.0,3,3,5,3,10,106,196,1.04355
9,0.005,19,555,1.0,0.0,3,3,5,3,10,106,197,1.09369
9,0.005,19,555,1.0,0.0,3,3,5,3,10,106,198,1.06451
9,0.005,19,555,1.0,0.0,3,3,5,3,10,106,199,1.09264
9,0.005,19,555,1.0,0.0,3,3,5,3,10,106,200,1.63452
9,0.005,19,555,1.0,0.0,3,3,5,3,10,106,-1,8.94295
9,0.005,19,555,1.0,0.0,3,3,5,3,10,106,201,1.79099
9,0.005,19,555,1.0,0.0,3,3,5,3,10,106,202,1.3359
9,0.005,19,555,1.0,0.0,3,3,5,3,10,106,203,2.57749
9,0.005,19,555,1.0,0.0,3,3,5,3,10,106,204,3.63583
9,0.005,19,555,1.0,0.0,3,3,5,3,10,106,205,3.54758
9,0.005,19,555,1.0,0.0,3,3,5,3,10,106,206,3.41973
9,0.005,19,555,1.0,0.0,3,3,5,3,10,106,207,3.15247
9,0.005,19,555,1.0,0.0,3,3,5,3,10,106,208,2.95494
9,0.005,19,555,1.0,0.0,3,3,5,3,10,106,209,2.81162
9,0.005,19,555,1.0,0.0,3,3,5,3,10,106,210,2.65289
9,0.005,19,555,1.0,0.0,3,3,5,3,10,106,211,2.50908
9,0.005,19,555,1.0,0.0,3,3,5,3,10,106,212,1.95929
9,0.005,19,555,1.0,0.0,3,3,5,3,10,106,213,1.57075
9,0.005,19,555,1.0,0.0,3,3,5,3,10,106,214,1.60487
9,0.005,19,555,1.0,0.0,3,3,5,3,10,106,215,1.60495
9,0.005,19,555,1.0,0.0,3,3,5,3,10,106,216,1.61471
9,0.005,19,555,1.0,0.0,3,3,5,3,10,106,217,1.58294
9,0.005,19,555,1.0,0.0,3,3,5,3,10,106,218,1.553
9,0.005,19,555,1.0,0.0,3,3,5,3,10,106,219,1.51447
9,0.005,19,555,1.0,0.0,3,3,5,3,10,106,220,1.47471
9,0.005,19,555,1.0,0.0,3,3,5,3,10,106,221,1.48458
9,0.005,19,555,1.0,0.0,3,3,5,3,10,106,222,1.43526
9,0.005,19,555,1.0,0.0,3,3,5,3,10,106,223,1.39826
9,0.005,19,555,1.0,0.0,3,3,5,3,10,106,224,1.37516
9,0.005,19,555,1.0,0.0,3,3,5,3,10,106,225,1.35427
9,0.005,19,555,1.0,0.0,3,3,5,3,10,106,226,1.33543
9,0.005,19,555,1.0,0.0,3,3,5,3,10,106,227,1.31854
9,0.005,19,555,1.0,0.0,3,3,5,3,10,106,228,1.30311
9,0.005,19,555,1.0,0.0,3,3,5,3,10,106,229,1.28852
9,0.005,19,555,1.0,0.0,